year,stage,team1,team2,team1_elo,team2_elo,outcome
1990,group,Argentina,Cameroon,1943,1612,2
1990,group,West Germany,Yugoslavia,1950,1780,2
1990,group,Italy,Austria,1905,1720,2
1990,group,Brazil,Sweden,1980,1750,2
1990,group,England,Ireland,1820,1700,0
1990,group,Spain,Uruguay,1850,1780,0
1990,group,Belgium,South Korea,1770,1600,2
1990,group,Netherlands,Egypt,1920,1620,2
1990,quarter,West Germany,Czechoslovakia,1970,1740,2
1990,quarter,Argentina,Yugoslavia,1943,1780,2
1990,quarter,Italy,Ireland,1920,1700,2
1990,quarter,England,Cameroon,1850,1650,2
1990,semi,West Germany,England,1970,1850,2
1990,semi,Argentina,Italy,1943,1920,2
1990,final,West Germany,Argentina,1980,1943,2
1994,group,Germany,Bolivia,1960,1580,2
1994,group,Brazil,Russia,1990,1700,2
1994,group,Nigeria,Bulgaria,1650,1750,0
1994,group,Spain,South Korea,1870,1620,2
1994,group,Argentina,Greece,1950,1660,2
1994,group,Italy,Ireland,1900,1710,2
1994,group,Netherlands,Morocco,1910,1640,2
1994,group,Belgium,Morocco,1770,1640,2
1994,quarter,Brazil,Netherlands,1990,1920,2
1994,quarter,Germany,Bulgaria,1960,1750,2
1994,quarter,Italy,Spain,1900,1870,2
1994,quarter,Sweden,Romania,1800,1760,2
1994,semi,Brazil,Sweden,1990,1800,2
1994,semi,Italy,Bulgaria,1900,1750,2
1994,final,Brazil,Italy,1990,1900,2
1998,group,Brazil,Scotland,2000,1770,2
1998,group,Germany,USA,1960,1730,2
1998,group,France,South Africa,1940,1630,2
1998,group,Spain,Nigeria,1880,1670,2
1998,group,Argentina,Japan,1960,1660,2
1998,group,England,Tunisia,1840,1620,2
1998,group,Netherlands,South Korea,1930,1640,2
1998,group,Italy,Chile,1920,1760,2
1998,group,France,Saudi Arabia,1940,1570,2
1998,group,Germany,Yugoslavia,1960,1780,2
1998,quarter,France,Italy,1960,1920,2
1998,quarter,Brazil,Denmark,2000,1810,2
1998,quarter,Netherlands,Argentina,1930,1960,0
1998,quarter,Germany,Croatia,1960,1780,0
1998,semi,France,Croatia,1960,1780,2
1998,semi,Brazil,Netherlands,2000,1930,2
1998,final,France,Brazil,1980,2000,2
2002,group,France,Senegal,1960,1650,0
2002,group,Germany,Saudi Arabia,1950,1520,2
2002,group,Spain,Slovenia,1900,1670,2
2002,group,Argentina,Nigeria,1970,1660,2
2002,group,England,Sweden,1840,1800,0
2002,group,Italy,Croatia,1930,1780,0
2002,group,Brazil,Turkey,2010,1780,2
2002,group,South Korea,USA,1660,1770,2
2002,quarter,Germany,USA,1950,1770,2
2002,quarter,Spain,South Korea,1900,1660,0
2002,quarter,Brazil,England,2010,1840,2
2002,quarter,Turkey,Senegal,1780,1650,2
2002,semi,Germany,South Korea,1950,1660,2
2002,semi,Brazil,Turkey,2010,1780,2
2002,final,Brazil,Germany,2020,1950,2
2006,group,Germany,Costa Rica,1980,1640,2
2006,group,England,Paraguay,1870,1680,2
2006,group,France,Switzerland,1950,1770,0
2006,group,Brazil,Croatia,2020,1780,2
2006,group,Spain,Ukraine,1920,1750,2
2006,group,Argentina,Ivory Coast,1980,1700,2
2006,group,Netherlands,Ivory Coast,1950,1700,2
2006,group,Italy,Ghana,1940,1650,2
2006,quarter,Germany,Argentina,1980,1980,2
2006,quarter,Italy,Ukraine,1940,1750,2
2006,quarter,England,Portugal,1870,1900,0
2006,quarter,France,Brazil,1950,2020,2
2006,semi,Germany,Italy,1980,1940,0
2006,semi,France,Portugal,1950,1900,2
2006,final,Italy,France,1960,1950,2
2010,group,France,Mexico,1930,1780,0
2010,group,Argentina,Nigeria,1990,1660,2
2010,group,Germany,Australia,1970,1700,2
2010,group,England,USA,1870,1790,0
2010,group,Netherlands,Denmark,1960,1780,2
2010,group,Brazil,North Korea,2030,1520,2
2010,group,Spain,Switzerland,1980,1760,0
2010,group,Italy,Paraguay,1940,1710,0
2010,group,Uruguay,France,1780,1930,2
2010,quarter,Netherlands,Brazil,1960,2030,2
2010,quarter,Germany,Argentina,1970,1990,2
2010,quarter,Spain,Paraguay,1980,1710,2
2010,quarter,Uruguay,Ghana,1780,1650,2
2010,semi,Netherlands,Uruguay,1960,1780,2
2010,semi,Spain,Germany,1980,1970,2
2010,final,Spain,Netherlands,1990,1960,2
2014,group,Brazil,Croatia,2020,1800,2
2014,group,Germany,Portugal,2000,1960,2
2014,group,Spain,Netherlands,1970,1970,0
2014,group,Argentina,Bosnia,2000,1720,2
2014,group,England,Italy,1860,1940,0
2014,group,France,Honduras,1960,1640,2
2014,group,Brazil,Cameroon,2020,1640,2
2014,group,Colombia,Japan,1850,1780,2
2014,group,Netherlands,Chile,1970,1850,2
2014,quarter,Brazil,Colombia,2020,1850,2
2014,quarter,Germany,France,2000,1960,2
2014,quarter,Argentina,Belgium,2000,1870,2
2014,quarter,Netherlands,Costa Rica,1970,1710,2
2014,semi,Germany,Brazil,2010,2020,2
2014,semi,Argentina,Netherlands,2000,1970,2
2014,final,Germany,Argentina,2010,2000,2
2018,group,Russia,Saudi Arabia,1685,1582,2
2018,group,Germany,Mexico,1988,1841,0
2018,group,Brazil,Switzerland,2131,1879,0
2018,group,France,Australia,1984,1712,2
2018,group,Spain,Portugal,1988,1975,0
2018,group,Argentina,Iceland,2040,1787,0
2018,group,Peru,Denmark,1793,1843,0
2018,group,Croatia,Nigeria,1853,1697,2
2018,group,England,Tunisia,1936,1669,2
2018,group,Colombia,Japan,1952,1803,0
2018,group,Uruguay,Egypt,1921,1646,2
2018,group,France,Peru,1984,1793,2
2018,group,Argentina,Croatia,2040,1853,0
2018,group,Brazil,Costa Rica,2131,1760,2
2018,group,Germany,Sweden,1988,1867,2
2018,group,Belgium,England,1931,1936,2
2018,group,Poland,Senegal,1927,1745,0
2018,group,Japan,Senegal,1803,1745,0
2018,group,Spain,Morocco,1988,1711,0
2018,group,Uruguay,Russia,1921,1685,2
2018,quarter,Uruguay,France,1921,1984,0
2018,quarter,Brazil,Belgium,2131,1931,0
2018,quarter,Russia,Croatia,1685,1853,0
2018,quarter,Sweden,England,1867,1936,0
2018,semi,France,Belgium,1984,1931,2
2018,semi,Croatia,England,1853,1936,2
2018,final,France,Croatia,1990,1860,2
2022,group,Qatar,Ecuador,1640,1780,0
2022,group,England,Iran,1960,1685,2
2022,group,Senegal,Netherlands,1800,1980,0
2022,group,USA,Wales,1790,1806,0
2022,group,Argentina,Saudi Arabia,2141,1765,0
2022,group,France,Australia,2000,1720,2
2022,group,Germany,Japan,1988,1803,0
2022,group,Spain,Costa Rica,2030,1720,2
2022,group,Belgium,Canada,1922,1782,2
2022,group,Switzerland,Cameroon,1879,1696,2
2022,group,Uruguay,South Korea,1862,1808,2
2022,group,Portugal,Ghana,2012,1693,2
2022,group,Brazil,Serbia,2171,1887,2
2022,group,Morocco,Croatia,1711,1929,0
2022,group,Japan,Germany,1803,1988,2
2022,group,South Korea,Ghana,1808,1693,2
2022,group,England,USA,1960,1790,0
2022,group,Netherlands,Ecuador,1980,1780,2
2022,group,France,Denmark,2000,1843,2
2022,group,Argentina,Mexico,2141,1841,2
2022,group,Poland,Saudi Arabia,1885,1765,2
2022,group,Australia,Tunisia,1784,1705,2
2022,group,Spain,Germany,2030,1988,0
2022,group,Japan,Spain,1803,2030,2
2022,group,Morocco,Belgium,1711,1922,2
2022,group,Croatia,Canada,1929,1782,2
2022,group,Brazil,Switzerland,2171,1879,2
2022,group,Portugal,Uruguay,2012,1862,2
2022,group,Netherlands,Qatar,1980,1640,2
2022,quarter,Netherlands,Argentina,1980,2141,0
2022,quarter,Croatia,Brazil,1929,2171,2
2022,quarter,Morocco,Portugal,1711,2012,2
2022,quarter,England,France,1960,2000,0
2022,semi,Argentina,Croatia,2141,1929,2
2022,semi,France,Morocco,2000,1711,2
2022,final,Argentina,France,2141,2000,2
2022,group,England,USA,1960,1790,1
2022,group,Denmark,Tunisia,1843,1705,1
2022,group,Mexico,Poland,1841,1885,1
2022,group,Morocco,Croatia,1711,1929,1
2022,group,Germany,Spain,1988,2030,1
2022,group,Senegal,Ecuador,1800,1780,1
2022,group,Uruguay,South Korea,1862,1808,1
2022,group,Cameroon,Serbia,1696,1887,1
2018,group,Portugal,Spain,1975,1988,1
2018,group,Iran,Portugal,1685,1975,1
2018,group,Denmark,Australia,1843,1712,1
2018,group,France,Denmark,1984,1843,1
2018,group,Spain,Morocco,1988,1711,1
2018,group,Brazil,Switzerland,2131,1879,1
2018,group,Iceland,Argentina,1787,2040,1
2018,group,Japan,Senegal,1803,1745,1
2018,group,Nigeria,Iceland,1697,1787,1
2018,group,Sweden,Switzerland,1867,1879,1
2014,group,Brazil,Mexico,2020,1781,1
2014,group,Iran,Nigeria,1700,1750,1
2014,group,Ecuador,France,1780,1960,1
2014,group,Russia,South Korea,1700,1620,1
2014,group,Nigeria,Iran,1750,1700,1
2014,group,Japan,Greece,1780,1660,1
2010,group,England,USA,1870,1790,1
2010,group,Ivory Coast,Portugal,1700,1900,1
2010,group,New Zealand,Italy,1600,1940,1
2010,group,New Zealand,Slovakia,1600,1780,1
2010,group,Uruguay,France,1780,1930,1
2010,group,Paraguay,New Zealand,1710,1600,1
2006,group,France,Switzerland,1950,1770,1
2006,group,Sweden,Trinidad and Tobago,1800,1500,1
2006,group,Netherlands,Argentina,1950,1980,1
2006,group,South Korea,France,1660,1950,1
2002,group,Germany,Ireland,1950,1700,1
2002,group,Sweden,Senegal,1800,1650,1
2002,group,Belgium,Tunisia,1770,1620,1
2002,group,Paraguay,South Africa,1750,1630,1
1998,group,Norway,Scotland,1820,1770,1
1998,group,Belgium,Netherlands,1770,1930,1
1998,group,Italy,Mexico,1920,1780,1
1994,group,Spain,Germany,1870,1960,1
1994,group,Mexico,Italy,1780,1900,1
1990,group,England,Ireland,1850,1700,1
1990,group,Netherlands,Ireland,1920,1700,1
1990,group,Netherlands,Egypt,1920,1620,1
